Machine,Part Number,Loading Start,Processing Start,End Time,Processing Time
Bay2_Machine_1,MB8130-9900-FIN_Batch_1,0.0,10.0,310.0,300.0
Bay2_Machine_2,MB8130-9900-FIN_Batch_2,10.0,20.0,320.0,300.0
Bay2_Machine_3,MB8130-9900-FIN_Batch_3,20.0,30.0,330.0,300.0
Bay2_Machine_4,MB8130-9900-FIN_Batch_4,30.0,40.0,340.0,300.0
Bay2_Machine_5,MB8130-9900-FIN_Batch_5,40.0,50.0,350.0,300.0
Bay3_Machine_1,44 06 100 050 00 92 12_Batch_1,50.0,60.0,151.66666666666666,91.66666666666667
Bay3_Machine_2,44 06 100 050 00 92 12_Batch_2,60.0,70.0,161.66666666666666,91.66666666666667
Bay3_Machine_3,44 06 100 050 00 92 12_Batch_3,70.0,80.0,171.66666666666666,91.66666666666667
Bay3_Machine_1,90 06 100 155 06 90 12_Batch_1,151.66666666666666,161.66666666666666,253.33333333333334,91.66666666666667
Bay3_Machine_2,90 06 100 155 06 90 12_Batch_2,161.66666666666666,171.66666666666666,263.3333333333333,91.66666666666667
Bay3_Machine_3,90 06 100 155 06 90 12_Batch_3,171.66666666666666,181.66666666666666,273.3333333333333,91.66666666666667
Bay3_Machine_1,90 06 100 155 06 90 12_Batch_4,253.33333333333334,263.3333333333333,355.0,91.66666666666667
Bay3_Machine_2,90 06 100 155 06 90 12_Batch_5,263.3333333333333,273.3333333333333,365.0,91.66666666666667
Bay3_Machine_3,90 06 100 155 06 90 12_Batch_6,273.3333333333333,283.3333333333333,375.0,91.66666666666667
Bay2_Machine_1,MB8130-9900-FIN_Batch_6,310.0,320.0,620.0,300.0
Bay2_Machine_2,MB8130-9900-FIN_Batch_7,320.0,330.0,630.0,300.0
Bay2_Machine_3,MB8130-9900-FIN_Batch_8,330.0,340.0,640.0,300.0
Bay2_Machine_4,MB8130-9900-FIN_Batch_9,340.0,350.0,650.0,300.0
Bay2_Machine_5,MB8130-9900-FIN_Batch_10,350.0,360.0,660.0,300.0
Bay3_Machine_1,90 06 100 155 06 90 12_Batch_7,360.0,370.0,461.6666666666667,91.66666666666667
Bay3_Machine_2,90 06 100 155 06 90 12_Batch_1,370.0,380.0,471.6666666666667,91.66666666666667
Bay3_Machine_3,90 06 100 155 06 90 12_Batch_2,380.0,390.0,481.6666666666667,91.66666666666667
Bay3_Machine_1,90 06 100 155 06 90 12_Batch_3,461.6666666666667,471.6666666666667,563.3333333333334,91.66666666666667
Bay3_Machine_2,43 25 100 100 00 90 62_Batch_1,471.6666666666667,481.6666666666667,573.3333333333334,91.66666666666667
Bay3_Machine_3,43 25 100 100 00 90 62_Batch_2,481.6666666666667,491.6666666666667,583.3333333333334,91.66666666666667
Bay3_Machine_1,43 25 100 100 00 90 62_Batch_3,563.3333333333334,573.3333333333334,665.0,91.66666666666667
Bay3_Machine_2,43 25 100 100 00 90 62_Batch_4,573.3333333333334,583.3333333333334,675.0,91.66666666666667
Bay3_Machine_3,43 25 100 100 00 90 62_Batch_5,583.3333333333334,593.3333333333334,685.0,91.66666666666667
Bay2_Machine_1,MB8130-9900-FIN_Batch_11,620.0,630.0,930.0,300.0
Bay2_Machine_2,MB8130-9900-FIN_Batch_12,630.0,640.0,940.0,300.0
Bay2_Machine_3,MB8130-9900-FIN_Batch_13,640.0,650.0,950.0,300.0
Bay2_Machine_4,MB8130-9900-FIN_Batch_14,650.0,660.0,960.0,300.0
Bay2_Machine_5,MB8130-9900-FIN_Batch_15,660.0,670.0,970.0,300.0
Bay3_Machine_1,43 25 100 100 00 90 62_Batch_6,670.0,680.0,771.6666666666666,91.66666666666667
Bay3_Machine_2,43 25 100 100 00 90 62_Batch_7,680.0,690.0,781.6666666666666,91.66666666666667
Bay3_Machine_3,43 25 100 100 00 90 62_Batch_8,690.0,700.0,791.6666666666666,91.66666666666667
Bay3_Machine_1,43 25 100 100 00 90 62_Batch_9,771.6666666666666,781.6666666666666,873.3333333333334,91.66666666666667
Bay3_Machine_2,43 25 100 100 00 90 62_Batch_10,781.6666666666666,791.6666666666666,883.3333333333334,91.66666666666667
Bay3_Machine_3,43 25 100 100 00 90 62_Batch_11,791.6666666666666,801.6666666666666,893.3333333333334,91.66666666666667
Bay3_Machine_1,02 08 125 075 08 21 12_Batch_1,873.3333333333334,883.3333333333334,975.0,91.66666666666667
Bay3_Machine_2,02 08 125 075 08 21 12_Batch_2,883.3333333333334,893.3333333333334,985.0,91.66666666666667
Bay3_Machine_3,90 06 100 155 06 90 12_Batch_1,893.3333333333334,903.3333333333334,995.0,91.66666666666667
Bay2_Machine_1,MB8130-9900-FIN_Batch_16,930.0,940.0,1240.0,300.0
Bay2_Machine_2,MB8130-9900-FIN_Batch_17,940.0,950.0,1250.0,300.0
Bay2_Machine_3,MB8130-9900-FIN_Batch_18,950.0,960.0,1260.0,300.0
Bay2_Machine_4,MB8130-9900-FIN_Batch_19,960.0,970.0,1270.0,300.0
Bay2_Machine_5,MB8130-9900-FIN_Batch_20,970.0,980.0,1280.0,300.0
Bay3_Machine_1,90 06 100 155 06 90 12_Batch_2,980.0,990.0,1081.6666666666667,91.66666666666667
Bay3_Machine_2,90 06 100 155 06 90 12_Batch_3,990.0,1000.0,1091.6666666666667,91.66666666666667
Bay3_Machine_3,03 06 100 070 06 21 12_Batch_1,1000.0,1010.0,1101.6666666666667,91.66666666666667
Bay3_Machine_1,03 06 100 070 06 21 12_Batch_2,1081.6666666666667,1091.6666666666667,1183.3333333333333,91.66666666666667
Bay3_Machine_2,03 06 100 070 06 21 12_Batch_3,1091.6666666666667,1101.6666666666667,1193.3333333333333,91.66666666666667
Bay3_Machine_3,03 08 125 085 06 21 12_Batch_1,1101.6666666666667,1111.6666666666667,1203.3333333333333,91.66666666666667
Bay3_Machine_1,03 08 125 085 06 21 12_Batch_2,1183.3333333333333,1193.3333333333333,1285.0,91.66666666666667
Bay3_Machine_2,03 08 125 085 06 21 12_Batch_3,1193.3333333333333,1203.3333333333333,1295.0,91.66666666666667
Bay3_Machine_3,02 08 125 075 08 21 12_Batch_1,1203.3333333333333,1213.3333333333333,1305.0,91.66666666666667
Bay2_Machine_1,MB8140-9900-FIN_Batch_1,1240.0,1250.0,1550.0,300.0
Bay2_Machine_2,MB8140-9900-FIN_Batch_2,1250.0,1260.0,1560.0,300.0
Bay2_Machine_3,MB8140-9900-FIN_Batch_3,1260.0,1270.0,1570.0,300.0
Bay2_Machine_4,MB8230-7300-FIN_Batch_1,1270.0,1280.0,1521.6666666666667,241.66666666666666
Bay2_Machine_5,MB8230-7300-FIN_Batch_2,1280.0,1290.0,1531.6666666666667,241.66666666666666
Bay3_Machine_1,02 08 125 075 08 21 12_Batch_2,1290.0,1300.0,1391.6666666666667,91.66666666666667
Bay3_Machine_2,02 08 125 075 08 21 12_Batch_3,1300.0,1310.0,1401.6666666666667,91.66666666666667
Bay3_Machine_3,02 08 125 075 08 21 12_Batch_4,1310.0,1320.0,1411.6666666666667,91.66666666666667
Bay3_Machine_1,02 08 125 075 08 21 12_Batch_5,1391.6666666666667,1401.6666666666667,1493.3333333333333,91.66666666666667
Bay3_Machine_2,02 08 125 075 08 21 12_Batch_6,1401.6666666666667,1411.6666666666667,1503.3333333333333,91.66666666666667
Bay3_Machine_3,02 08 125 075 08 21 12_Batch_7,1411.6666666666667,1421.6666666666667,1513.3333333333333,91.66666666666667
Bay3_Machine_1,90 06 100 155 06 90 12_Batch_1,1493.3333333333333,1503.3333333333333,1595.0,91.66666666666667
Bay3_Machine_2,90 06 100 155 06 90 12_Batch_2,1503.3333333333333,1513.3333333333333,1605.0,91.66666666666667
Bay3_Machine_3,90 06 100 155 06 90 12_Batch_3,1513.3333333333333,1523.3333333333333,1615.0,91.66666666666667
Bay2_Machine_4,MB8230-7300-FIN_Batch_3,1523.3333333333333,1533.3333333333333,1775.0,241.66666666666666
Bay2_Machine_5,MB8230-7300-FIN_Batch_4,1533.3333333333333,1543.3333333333333,1785.0,241.66666666666666
Bay2_Machine_1,MB8240-7300-FIN_Batch_1,1550.0,1560.0,1730.0,170.0
Bay2_Machine_2,MB8240-7300-FIN_Batch_2,1560.0,1570.0,1740.0,170.0
Bay2_Machine_3,MB8240-7300-FIN_Batch_3,1570.0,1580.0,1750.0,170.0
Bay3_Machine_1,03 06 100 070 06 21 12_Batch_1,1595.0,1605.0,1696.6666666666667,91.66666666666667
Bay3_Machine_2,03 06 100 070 06 21 12_Batch_2,1605.0,1615.0,1706.6666666666667,91.66666666666667
Bay3_Machine_3,03 06 100 070 06 21 12_Batch_3,1615.0,1625.0,1716.6666666666667,91.66666666666667
Bay3_Machine_1,03 06 100 070 06 21 12_Batch_4,1696.6666666666667,1706.6666666666667,1798.3333333333333,91.66666666666667
Bay3_Machine_2,03 06 100 070 06 21 12_Batch_5,1706.6666666666667,1716.6666666666667,1808.3333333333333,91.66666666666667
Bay3_Machine_3,03 08 125 085 06 21 12_Batch_1,1716.6666666666667,1726.6666666666667,1818.3333333333333,91.66666666666667
Bay2_Machine_1,MB8240-7300-FIN_Batch_4,1730.0,1740.0,1910.0,170.0
Bay2_Machine_2,MB8240-7300-FIN_Batch_5,1740.0,1750.0,1920.0,170.0
Bay2_Machine_3,MB8240-7300-FIN_Batch_6,1750.0,1760.0,1930.0,170.0
Bay2_Machine_4,MB8240-7300-FIN_Batch_7,1775.0,1785.0,1955.0,170.0
Bay2_Machine_5,MB8240-7300-FIN_Batch_8,1785.0,1795.0,1965.0,170.0
Bay3_Machine_1,03 08 125 085 06 21 12_Batch_2,1798.3333333333333,1808.3333333333333,1900.0,91.66666666666667
Bay3_Machine_2,03 08 125 085 06 21 12_Batch_3,1808.3333333333333,1818.3333333333333,1910.0,91.66666666666667
Bay3_Machine_3,03 08 125 085 06 21 12_Batch_4,1818.3333333333333,1828.3333333333333,1920.0,91.66666666666667
Bay3_Machine_1,03 08 125 085 06 21 12_Batch_5,1900.0,1910.0,2001.6666666666667,91.66666666666667
Bay2_Machine_1,MB8240-7300-FIN_Batch_9,1910.0,1920.0,2090.0,170.0
Bay3_Machine_2,03 08 125 085 06 21 12_Batch_6,1920.0,1930.0,2021.6666666666667,91.66666666666667
Bay2_Machine_2,MB8240-7300-FIN_Batch_10,1930.0,1940.0,2110.0,170.0
Bay3_Machine_3,03 08 125 085 06 21 12_Batch_7,1940.0,1950.0,2041.6666666666667,91.66666666666667
Bay2_Machine_3,MB8240-7300-FIN_Batch_11,1950.0,1960.0,2130.0,170.0
Bay2_Machine_4,MB8240-7300-FIN_Batch_12,1960.0,1970.0,2140.0,170.0
Bay2_Machine_5,MB8240-7300-FIN_Batch_13,1970.0,1980.0,2150.0,170.0
Bay3_Machine_1,03 08 125 085 06 21 12_Batch_8,2001.6666666666667,2011.6666666666667,2103.3333333333335,91.66666666666667
Bay3_Machine_2,03 08 125 085 06 21 12_Batch_9,2021.6666666666667,2031.6666666666667,2123.3333333333335,91.66666666666667
Bay3_Machine_3,03 08 125 085 06 21 12_Batch_10,2041.6666666666667,2051.6666666666665,2143.3333333333335,91.66666666666667
Bay2_Machine_1,MB8240-7300-FIN_Batch_14,2090.0,2100.0,2270.0,170.0
Bay3_Machine_1,03 08 125 085 06 21 12_Batch_11,2103.3333333333335,2113.3333333333335,2205.0,91.66666666666667
Bay2_Machine_2,MB8240-7300-FIN_Batch_15,2113.3333333333335,2123.3333333333335,2293.3333333333335,170.0
Bay3_Machine_2,03 08 125 085 06 21 12_Batch_12,2123.3333333333335,2133.3333333333335,2225.0,91.66666666666667
Bay2_Machine_3,MB8240-7300-FIN_Batch_16,2133.3333333333335,2143.3333333333335,2313.3333333333335,170.0
Bay2_Machine_4,MB8240-7300-FIN_Batch_17,2143.3333333333335,2153.3333333333335,2323.3333333333335,170.0
Bay3_Machine_3,03 08 125 085 06 21 12_Batch_13,2153.3333333333335,2163.3333333333335,2255.0,91.66666666666667
Bay2_Machine_5,MB8240-7300-FIN_Batch_18,2163.3333333333335,2173.3333333333335,2343.3333333333335,170.0
Bay3_Machine_1,03 08 125 085 06 21 12_Batch_14,2205.0,2215.0,2306.6666666666665,91.66666666666667
Bay3_Machine_2,90 06 100 155 06 90 12_Batch_1,2225.0,2235.0,2326.6666666666665,91.66666666666667
Bay3_Machine_3,90 06 100 155 06 90 12_Batch_2,2255.0,2265.0,2356.6666666666665,91.66666666666667
Bay2_Machine_1,MB8240-7300-FIN_Batch_19,2270.0,2280.0,2450.0,170.0
Bay2_Machine_2,MB8240-7300-FIN_Batch_20,2293.3333333333335,2303.3333333333335,2473.3333333333335,170.0
Bay3_Machine_1,90 06 100 155 06 90 12_Batch_3,2306.6666666666665,2316.6666666666665,2408.3333333333335,91.66666666666667
Bay2_Machine_3,MB8240-7300-FIN_Batch_21,2316.6666666666665,2326.6666666666665,2496.6666666666665,170.0
Bay2_Machine_4,MB8240-7300-FIN_Batch_22,2326.6666666666665,2336.6666666666665,2506.6666666666665,170.0
Bay3_Machine_2,90 06 100 155 06 90 12_Batch_4,2336.6666666666665,2346.6666666666665,2438.3333333333335,91.66666666666667
Bay2_Machine_5,MB8240-7300-FIN_Batch_23,2346.6666666666665,2356.6666666666665,2526.6666666666665,170.0
Bay3_Machine_3,90 06 100 155 06 90 12_Batch_5,2356.6666666666665,2366.6666666666665,2458.3333333333335,91.66666666666667
Bay3_Machine_1,90 06 100 155 06 90 12_Batch_6,2408.3333333333335,2418.3333333333335,2510.0,91.66666666666667
Bay3_Machine_2,90 06 100 155 06 90 12_Batch_7,2438.3333333333335,2448.3333333333335,2540.0,91.66666666666667
Bay2_Machine_1,MB8240-7300-FIN_Batch_24,2450.0,2460.0,2630.0,170.0
Bay3_Machine_3,90 06 100 155 06 90 12_Batch_8,2460.0,2470.0,2561.6666666666665,91.66666666666667
Bay2_Machine_2,MB8240-7300-FIN_Batch_25,2473.3333333333335,2483.3333333333335,2653.3333333333335,170.0
Bay2_Machine_3,MB8240-7300-FIN_Batch_26,2496.6666666666665,2506.6666666666665,2676.6666666666665,170.0
Bay2_Machine_4,MB8240-7300-FIN_Batch_27,2506.6666666666665,2516.6666666666665,2686.6666666666665,170.0
Bay3_Machine_1,90 06 100 155 06 90 12_Batch_9,2516.6666666666665,2526.6666666666665,2618.3333333333335,91.66666666666667
Bay2_Machine_5,MB8240-7300-FIN_Batch_28,2526.6666666666665,2536.6666666666665,2706.6666666666665,170.0
Bay3_Machine_2,90 06 100 155 06 90 12_Batch_10,2540.0,2550.0,2641.6666666666665,91.66666666666667
Bay3_Machine_3,90 06 100 155 06 90 12_Batch_11,2561.6666666666665,2571.6666666666665,2663.3333333333335,91.66666666666667
Bay3_Machine_1,90 06 100 155 06 90 12_Batch_12,2618.3333333333335,2628.3333333333335,2720.0,91.66666666666667
Bay2_Machine_1,MB8240-7300-FIN_Batch_29,2630.0,2640.0,2810.0,170.0
Bay3_Machine_2,02 08 125 075 08 21 12_Batch_1,2641.6666666666665,2651.6666666666665,2743.3333333333335,91.66666666666667
Bay2_Machine_2,MB8240-7300-FIN_Batch_30,2653.3333333333335,2663.3333333333335,2833.3333333333335,170.0
Bay3_Machine_3,02 08 125 075 08 21 12_Batch_2,2663.3333333333335,2673.3333333333335,2765.0,91.66666666666667
Bay2_Machine_3,MB8240-7300-FIN_Batch_31,2676.6666666666665,2686.6666666666665,2856.6666666666665,170.0
Bay2_Machine_4,MB8240-7300-FIN_Batch_32,2686.6666666666665,2696.6666666666665,2866.6666666666665,170.0
Bay2_Machine_5,MB8240-7300-FIN_Batch_33,2706.6666666666665,2716.6666666666665,2886.6666666666665,170.0
Bay3_Machine_1,02 08 125 075 08 21 12_Batch_3,2720.0,2730.0,2821.6666666666665,91.66666666666667
Bay3_Machine_2,02 08 125 075 08 21 12_Batch_4,2743.3333333333335,2753.3333333333335,2845.0,91.66666666666667
Bay3_Machine_3,01 10 125 110 08 90 12_Batch_1,2765.0,2775.0,2866.6666666666665,91.66666666666667
Bay2_Machine_1,MB8240-7300-FIN_Batch_34,2810.0,2820.0,2990.0,170.0
Bay3_Machine_1,01 10 125 110 08 90 12_Batch_2,2821.6666666666665,2831.6666666666665,2923.3333333333335,91.66666666666667
Bay2_Machine_2,MB8240-7300-FIN_Batch_35,2833.3333333333335,2843.3333333333335,3013.3333333333335,170.0
Bay3_Machine_2,03 10 125 100 06 21 12_Batch_1,2845.0,2855.0,2946.6666666666665,91.66666666666667
Bay2_Machine_3,MB8240-7300-FIN_Batch_36,2856.6666666666665,2866.6666666666665,3036.6666666666665,170.0
Bay2_Machine_4,MB8240-7300-FIN_Batch_37,2866.6666666666665,2876.6666666666665,3046.6666666666665,170.0
Bay3_Machine_3,03 10 125 100 06 21 12_Batch_2,2876.6666666666665,2886.6666666666665,2978.3333333333335,91.66666666666667
Bay2_Machine_5,MB8240-7300-FIN_Batch_38,2886.6666666666665,2896.6666666666665,3066.6666666666665,170.0
Bay3_Machine_1,03 10 125 100 06 21 12_Batch_3,2923.3333333333335,2933.3333333333335,3025.0,91.66666666666667
Bay3_Machine_2,03 10 125 100 06 21 12_Batch_4,2946.6666666666665,2956.6666666666665,3048.3333333333335,91.66666666666667
Bay3_Machine_3,01 10 125 110 08 90 12_Batch_1,2978.3333333333335,2988.3333333333335,3080.0,91.66666666666667
Bay2_Machine_1,MB8240-7300-FIN_Batch_39,2990.0,3000.0,3170.0,170.0
Bay2_Machine_2,MB8240-7300-FIN_Batch_40,3013.3333333333335,3023.3333333333335,3193.3333333333335,170.0
Bay3_Machine_1,01 10 125 110 08 90 12_Batch_2,3025.0,3035.0,3126.6666666666665,91.66666666666667
Bay2_Machine_3,MB8240-7300-FIN_Batch_41,3036.6666666666665,3046.6666666666665,3216.6666666666665,170.0
Bay2_Machine_4,MB8240-7300-FIN_Batch_42,3046.6666666666665,3056.6666666666665,3226.6666666666665,170.0
Bay3_Machine_2,01 10 125 110 08 90 12_Batch_3,3056.6666666666665,3066.6666666666665,3158.3333333333335,91.66666666666667
Bay2_Machine_5,MB8240-7300-FIN_Batch_43,3066.6666666666665,3076.6666666666665,3246.6666666666665,170.0
Bay3_Machine_3,01 10 125 110 08 90 12_Batch_4,3080.0,3090.0,3181.6666666666665,91.66666666666667
Bay3_Machine_1,01 10 125 110 08 90 12_Batch_5,3126.6666666666665,3136.6666666666665,3228.3333333333335,91.66666666666667
Bay3_Machine_2,01 10 125 110 08 90 12_Batch_6,3158.3333333333335,3168.3333333333335,3260.0,91.66666666666667
Bay2_Machine_1,MB8240-7300-FIN_Batch_44,3170.0,3180.0,3350.0,170.0
Bay3_Machine_3,01 10 125 110 08 90 12_Batch_7,3181.6666666666665,3191.6666666666665,3283.3333333333335,91.66666666666667
Bay2_Machine_2,MB8240-7300-FIN_Batch_45,3193.3333333333335,3203.3333333333335,3373.3333333333335,170.0
Bay2_Machine_3,MB8240-7300-FIN_Batch_46,3216.6666666666665,3226.6666666666665,3396.6666666666665,170.0
Bay2_Machine_4,MB8240-7300-FIN_Batch_47,3226.6666666666665,3236.6666666666665,3406.6666666666665,170.0
Bay3_Machine_1,01 10 125 110 08 90 12_Batch_8,3236.6666666666665,3246.6666666666665,3338.3333333333335,91.66666666666667
Bay2_Machine_5,MB8240-7300-FIN_Batch_48,3246.6666666666665,3256.6666666666665,3426.6666666666665,170.0
Bay3_Machine_2,01 10 125 110 08 90 12_Batch_9,3260.0,3270.0,3361.6666666666665,91.66666666666667
Bay3_Machine_3,03 10 125 100 06 21 12_Batch_1,3283.3333333333335,3293.3333333333335,3385.0,91.66666666666667
Bay3_Machine_1,03 10 125 100 06 21 12_Batch_2,3338.3333333333335,3348.3333333333335,3440.0,91.66666666666667
Bay2_Machine_1,MB8240-7300-FIN_Batch_49,3350.0,3360.0,3530.0,170.0
Bay3_Machine_2,03 10 125 100 06 21 12_Batch_3,3361.6666666666665,3371.6666666666665,3463.3333333333335,91.66666666666667
Bay2_Machine_2,MB8240-7300-FIN_Batch_50,3373.3333333333335,3383.3333333333335,3553.3333333333335,170.0
Bay3_Machine_3,03 10 125 100 06 21 12_Batch_4,3385.0,3395.0,3486.6666666666665,91.66666666666667
Bay2_Machine_3,MB8240-7300-FIN_Batch_51,3396.6666666666665,3406.6666666666665,3576.6666666666665,170.0
Bay2_Machine_4,MB8240-7300-FIN_Batch_52,3406.6666666666665,3416.6666666666665,3586.6666666666665,170.0
Bay2_Machine_5,MB8240-7300-FIN_Batch_53,3426.6666666666665,3436.6666666666665,3606.6666666666665,170.0
Bay3_Machine_1,03 10 125 100 06 21 12_Batch_5,3440.0,3450.0,3541.6666666666665,91.66666666666667
Bay3_Machine_2,03 10 125 100 06 21 12_Batch_6,3463.3333333333335,3473.3333333333335,3565.0,91.66666666666667
Bay3_Machine_3,03 10 125 100 06 21 12_Batch_7,3486.6666666666665,3496.6666666666665,3588.3333333333335,91.66666666666667
Bay2_Machine_1,MB8240-7300-FIN_Batch_54,3530.0,3540.0,3710.0,170.0
Bay3_Machine_1,03 10 125 100 06 21 12_Batch_8,3541.6666666666665,3551.6666666666665,3643.3333333333335,91.66666666666667
Bay2_Machine_2,MB8240-7300-FIN_Batch_55,3553.3333333333335,3563.3333333333335,3733.3333333333335,170.0
Bay3_Machine_2,03 10 125 100 06 21 12_Batch_9,3565.0,3575.0,3666.6666666666665,91.66666666666667
Bay2_Machine_3,MB8240-7300-FIN_Batch_56,3576.6666666666665,3586.6666666666665,3756.6666666666665,170.0
Bay2_Machine_4,MB8240-7300-FIN_Batch_57,3586.6666666666665,3596.6666666666665,3766.6666666666665,170.0
Bay3_Machine_3,03 10 125 100 06 21 12_Batch_10,3596.6666666666665,3606.6666666666665,3698.3333333333335,91.66666666666667
Bay2_Machine_5,MB8240-7300-FIN_Batch_58,3606.6666666666665,3616.6666666666665,3786.6666666666665,170.0
Bay3_Machine_1,03 10 125 100 06 21 12_Batch_11,3643.3333333333335,3653.3333333333335,3745.0,91.66666666666667
Bay3_Machine_2,03 10 125 100 06 21 12_Batch_12,3666.6666666666665,3676.6666666666665,3768.3333333333335,91.66666666666667
Bay3_Machine_3,03 10 125 100 06 21 12_Batch_13,3698.3333333333335,3708.3333333333335,3800.0,91.66666666666667
Bay2_Machine_1,MB8240-7300-FIN_Batch_59,3710.0,3720.0,3890.0,170.0
Bay2_Machine_2,MB8240-7300-FIN_Batch_60,3733.3333333333335,3743.3333333333335,3913.3333333333335,170.0
Bay3_Machine_1,03 10 125 100 06 21 12_Batch_14,3745.0,3755.0,3846.6666666666665,91.66666666666667
Bay2_Machine_3,MB8240-7300-FIN_Batch_61,3756.6666666666665,3766.6666666666665,3936.6666666666665,170.0
Bay2_Machine_4,MB8240-7300-FIN_Batch_62,3766.6666666666665,3776.6666666666665,3946.6666666666665,170.0
Bay3_Machine_2,03 10 125 100 06 21 12_Batch_1,3776.6666666666665,3786.6666666666665,3878.3333333333335,91.66666666666667
Bay2_Machine_5,MB8240-7300-FIN_Batch_63,3786.6666666666665,3796.6666666666665,3966.6666666666665,170.0
Bay3_Machine_3,03 10 125 100 06 21 12_Batch_2,3800.0,3810.0,3901.6666666666665,91.66666666666667
Bay3_Machine_1,03 10 125 100 06 21 12_Batch_3,3846.6666666666665,3856.6666666666665,3948.3333333333335,91.66666666666667
Bay3_Machine_2,03 10 125 100 06 21 12_Batch_4,3878.3333333333335,3888.3333333333335,3980.0,91.66666666666667
Bay2_Machine_1,MB8240-7300-FIN_Batch_64,3890.0,3900.0,4070.0,170.0
Bay3_Machine_3,90 06 100 155 06 90 12_Batch_1,3901.6666666666665,3911.6666666666665,4003.3333333333335,91.66666666666667
Bay2_Machine_2,MB8240-7300-FIN_Batch_65,3913.3333333333335,3923.3333333333335,4093.3333333333335,170.0
Bay2_Machine_3,MB8240-7300-FIN_Batch_66,3936.6666666666665,3946.6666666666665,4116.666666666667,170.0
Bay2_Machine_4,MB8240-7300-FIN_Batch_67,3946.6666666666665,3956.6666666666665,4126.666666666667,170.0
Bay3_Machine_1,90 06 100 155 06 90 12_Batch_2,3956.6666666666665,3966.6666666666665,4058.3333333333335,91.66666666666667
Bay2_Machine_5,MB8240-7300-FIN_Batch_68,3966.6666666666665,3976.6666666666665,4146.666666666667,170.0
Bay3_Machine_2,90 06 100 155 06 90 12_Batch_3,3980.0,3990.0,4081.6666666666665,91.66666666666667
Bay3_Machine_3,90 06 100 155 06 90 12_Batch_4,4003.3333333333335,4013.3333333333335,4105.0,91.66666666666667
Bay3_Machine_1,90 06 100 155 06 90 12_Batch_5,4058.3333333333335,4068.3333333333335,4160.0,91.66666666666667
Bay2_Machine_1,MB8240-7300-FIN_Batch_69,4070.0,4080.0,4250.0,170.0
Bay3_Machine_2,90 06 100 155 06 90 12_Batch_6,4081.6666666666665,4091.6666666666665,4183.333333333333,91.66666666666667
Bay2_Machine_2,MB8240-7300-FIN_Batch_70,4093.3333333333335,4103.333333333333,4273.333333333333,170.0
Bay3_Machine_3,90 06 100 155 06 90 12_Batch_7,4105.0,4115.0,4206.666666666667,91.66666666666667
Bay2_Machine_3,MB8240-7300-FIN_Batch_71,4116.666666666667,4126.666666666667,4296.666666666667,170.0
Bay2_Machine_4,MB8240-7300-FIN_Batch_72,4126.666666666667,4136.666666666667,4306.666666666667,170.0
Bay2_Machine_5,MB8250-7300-FIN_Batch_1,4146.666666666667,4156.666666666667,4326.666666666667,170.0
Bay3_Machine_1,12 07 100 065 08 90 12_Batch_1,4160.0,4170.0,4250.0,80.0
Bay3_Machine_2,12 07 100 065 08 90 12_Batch_2,4183.333333333333,4193.333333333333,4273.333333333333,80.0
Bay3_Machine_3,12 07 100 065 08 90 12_Batch_3,4206.666666666667,4216.666666666667,4296.666666666667,80.0
Bay2_Machine_1,MB8250-7300-FIN_Batch_2,4250.0,4260.0,4430.0,170.0
Bay3_Machine_1,12 07 100 065 08 90 12_Batch_4,4260.0,4270.0,4350.0,80.0
Bay2_Machine_2,MB8250-7300-FIN_Batch_3,4273.333333333333,4283.333333333333,4453.333333333333,170.0
Bay3_Machine_2,12 07 100 065 08 90 12_Batch_5,4283.333333333333,4293.333333333333,4373.333333333333,80.0
Bay2_Machine_3,MB9490-7800-FIN_Batch_1,4296.666666666667,4306.666666666667,4476.666666666667,170.0
Bay3_Machine_3,12 10 100 060 05 90 12_Batch_1,4306.666666666667,4316.666666666667,4316.666666666667,0.0
Bay2_Machine_4,MB9490-7800-FIN_Batch_2,4316.666666666667,4326.666666666667,4496.666666666667,170.0
Bay3_Machine_3,12 10 100 060 05 90 12_Batch_2,4326.666666666667,4336.666666666667,4336.666666666667,0.0
Bay2_Machine_5,MB9490-7800-FIN_Batch_3,4336.666666666667,4346.666666666667,4516.666666666667,170.0
Bay3_Machine_3,12 10 100 060 05 90 12_Batch_3,4346.666666666667,4356.666666666667,4356.666666666667,0.0
Bay3_Machine_1,12 10 100 060 05 90 12_Batch_4,4356.666666666667,4366.666666666667,4366.666666666667,0.0
Bay3_Machine_3,12 10 100 060 05 90 12_Batch_5,4366.666666666667,4376.666666666667,4376.666666666667,0.0
Bay3_Machine_1,12 10 100 060 05 90 12_Batch_6,4376.666666666667,4386.666666666667,4386.666666666667,0.0
Bay3_Machine_2,12 10 100 060 05 90 12_Batch_7,4386.666666666667,4396.666666666667,4396.666666666667,0.0
Bay3_Machine_3,12 10 100 060 05 90 12_Batch_8,4396.666666666667,4406.666666666667,4406.666666666667,0.0
Bay3_Machine_1,12 10 100 060 05 90 12_Batch_9,4406.666666666667,4416.666666666667,4416.666666666667,0.0
Bay3_Machine_2,12 10 100 060 05 90 12_Batch_10,4416.666666666667,4426.666666666667,4426.666666666667,0.0
Bay3_Machine_3,03 12 125 125 06 91 12_Batch_1,4426.666666666667,4436.666666666667,4436.666666666667,0.0
Bay3_Machine_1,03 12 125 125 06 91 12_Batch_2,4436.666666666667,4446.666666666667,4446.666666666667,0.0
Bay3_Machine_2,03 12 125 125 06 91 12_Batch_3,4446.666666666667,4456.666666666667,4456.666666666667,0.0
Bay2_Machine_1,MB8350-7200-FIN_Batch_1,4456.666666666667,4466.666666666667,4636.666666666667,170.0
Bay3_Machine_3,03 12 125 125 06 91 12_Batch_4,4466.666666666667,4476.666666666667,4476.666666666667,0.0
Bay3_Machine_1,03 12 125 125 06 91 12_Batch_5,4476.666666666667,4486.666666666667,4486.666666666667,0.0
Bay2_Machine_2,MB9480-7200-FIN_Batch_1,4486.666666666667,4496.666666666667,4666.666666666667,170.0
Bay3_Machine_2,03 12 125 125 06 91 12_Batch_6,4496.666666666667,4506.666666666667,4506.666666666667,0.0
